-- カテゴリーテーブルデータ
INSERT INTO categories(name) VALUES('本');
INSERT INTO categories(name) VALUES('DVD');
INSERT INTO categories(name) VALUES('ゲーム');
-- 商品テーブルデータ
INSERT INTO items(category_id, name, detail, price) VALUES(1, 'Javaの基本', '「Javaの基本」は、プログラミングの世界への扉を開く手引きです。この本は、Java言語の基礎から始めて、あなたをプログラミングの魅力的な旅へと案内します。初心者にとっても、経験豊富な開発者にとっても、この本は理想的なリソースです。基本的な概念から始まり、条件分岐、ループ、メソッド、クラスなど、Javaの重要なトピックをわかりやすく解説しています。「Javaの基本」は、理論だけでなく実践にも焦点を当てています。コードの例や演習問題を通じて、あなたのスキルを実際のプロジェクトに役立てる方法を学びます。さらに、この本は最新のトレンドやベストプラクティスもカバーしており、Javaプログラミングの世界で成功するためのツールと知識を提供します。Javaの世界に足を踏み入れる準備はできていますか？「Javaの基本」があなたのプログラミングのスキルを向上させ、新たな可能性を開きます。今すぐ手に入れて、プログラミングの旅に出発しましょう！', 2500);
INSERT INTO items(category_id, name, detail, price) VALUES(1, 'MLB Fun', '「MLB Fun」は、ベースボールの魅力に満ちたエンターテインメント本です。この本は、MLB（メジャーリーグベースボール）の世界に飛び込み、知識と興奮を提供します。本書では、MLBの歴史、ルール、プレイヤー、そしてチームについての魅力的な情報が満載です。野球ファンであれば、伝説的な選手や重要な試合のエピソードを読みながら、ベースボールの栄光ある過去に思いを馳せることでしょう。また、「MLB Fun」は、ゲームやクイズなどの対話型コンテンツも提供しています。あなたの野球知識を試し、友人や家族と楽しい時間を共有しましょう。さらに、魅力的な写真やイラストが豊富に使われており、読者をビッグリーグの興奮に引き込みます。ベースボール愛好家のあなたにとって、この本は欠かせない一冊です。「MLB Fun」を手に取り、野球の世界に没頭しましょう。あなたのベースボール体験がさらに豊かになること間違いありません！', 980);
INSERT INTO items(category_id, name, detail, price) VALUES(1, '料理BOOK!', '「料理BOOK！」は、料理の新たな世界を開拓するための究極のガイドです。この本は、あなたの台所での料理体験を変え、食事を愛する人々を魅了します。この本では、豊富なレシピが収録されており、朝食からデザートまで、様々な料理を簡単に作る方法を紹介しています。健康的で栄養価の高い料理から、特別なお祝い用の豪華なディナーまで、あなたの好みに合ったレシピが必ず見つかります。「料理BOOK！」は、初心者から経験豊富な料理人まで幅広い読者を対象にしています。基本的な料理テクニックから、プロのシェフによる秘密のヒントまで、包括的な情報が提供されています。さらに、美しい写真やイラストがあなたの料理のインスピレーションを高めます。この本を開くと、料理がますます楽しくなり、クリエイティブな料理の冒険に出かけたくなることでしょう。「料理BOOK！」を手に取り、あなたの料理のスキルを向上させましょう。新しい味覚の発見と、食事を通じた幸せな体験があなたを待っています！', 1200);
INSERT INTO items(category_id, name, detail, price) VALUES(2, 'なつかしのアニメシリーズ', '「なつかしのアニメシリーズ」は、懐かしい思い出とともに、あの頃の楽しさが甦るDVDコレクションです。このシリーズは、昔懐かしいアニメファンに向けて、心温まる旅に出発する機会を提供します。このDVDセットには、あなたが愛してやまない名作アニメが詰め込まれています。子どもの頃に夢中になったキャラクターや、感動したストーリーが、再びあなたのリビングルームで蘇ります。「なつかしのアニメシリーズ」は、幅広い年齢層の視聴者に愛される作品を網羅しています。古典的な冒険物語から、感動的なファンタジーまで、懐かしのアニメの魅力が満載です。さらに、このDVDセットには、特典映像や未公開シーンなどの特別なコンテンツも含まれています。製作秘話や舞台裏の情報を楽しみながら、あの頃の感動を再び味わいましょう。「なつかしのアニメシリーズ」のDVDを手に取り、懐かしい思い出に浸りましょう。昔の日々を振り返りながら、心温まるアニメの世界に戻ります！', 2000);
INSERT INTO items(category_id, name, detail, price) VALUES(2, 'The Racer', '「The Racer」は、スピードと情熱が交錯する世界への招待状です。このDVDは、息をのむようなレースシーンと感動的なストーリーで、視聴者を魅了するでしょう。この作品は、レーシングの興奮と人間ドラマが見事に融合したものです。主人公の情熱と決意が、彼を勝利へと導く過程が描かれ、視聴者の心を掴みます。「The Racer」は、レースファンだけでなく、エンターテインメントを求める人々にも訴求します。スリリングなカーチェイスや緊迫した競争シーンが、視聴者を息をのむほどのスピードで引き込みます。さらに、このDVDには舞台裏のメイキング映像やインタビュー、特典映像などが含まれており、物語の舞台裏に迫ることができます。映画製作の秘密やキャストのエピソードを楽しみながら、作品の魅力をさらに深めましょう。「The Racer」のDVDを手に取り、速さと情熱の世界への旅に出発しましょう。息をのむほどのスリルと感動が、あなたを待っています！', 1000);
INSERT INTO items(category_id, name, detail, price) VALUES(2, 'Space Wars 3', '「Space Wars 3」は、銀河の未来をかけた壮大な宇宙戦争の物語です。このDVDは、宇宙の果てまで広がる壮大なスケールとエキサイティングな戦闘シーンで、視聴者を圧倒します。この作品は、スペースオペラの古典的な要素とモダンなエンターテインメントが見事に融合しています。キャラクターの情熱と勇気が、宇宙の闇と対峙する壮大な戦いを描きます。「Space Wars 3」は、SFファンだけでなく、壮大な冒険を求めるすべての人々に訴求します。未知の星々を舞台に繰り広げられるエピックなストーリーが、視聴者を魅了し、想像力を刺激します。さらに、このDVDには特典映像や製作秘話などの特別なコンテンツが含まれています。映画製作の裏側やキャストのインタビューを通じて、作品の制作秘話に迫ることができます。「Space Wars 3」のDVDを手に取り、宇宙の果てまで広がる壮大な冒険に出発しましょう。スリリングな戦闘と感動的なドラマが、あなたを待っています！', 1800);
INSERT INTO items(category_id, name, detail, price) VALUES(3, 'パズルゲーム', '「パズルゲーム」は、脳を刺激し、楽しみながら知的な挑戦に取り組むことができるゲームです。このゲームは、ストレスを減らし、同時に脳の力を高めるのに最適な方法です。このゲームにはさまざまな種類のパズルが用意されています。クロスワード、数独、ジグソーパズル、論理パズルなど、さまざまなタイプのパズルが含まれており、あなたの興味や好みに合わせて選択できます。「パズルゲーム」は、幅広い年齢層のプレイヤーに向けて設計されています。子供から大人まで、誰でも楽しむことができます。また、難易度の設定も自由自在なので、初心者から上級者まで、あらゆるレベルのプレイヤーが楽しむことができます。さらに、このゲームはリラックス効果もあります。忙しい日常生活から離れて、脳をリフレッシュし、ストレスを解消するのに最適な方法です。「パズルゲーム」をプレイして、楽しさと知的な刺激を体験しましょう。新しい挑戦に取り組みながら、脳の力を高め、リラックスした時間を過ごしましょう！', 780);
INSERT INTO items(category_id, name, detail, price) VALUES(3, 'Invader Fighter', '「Invader Fighter」は、宇宙を脅かす侵略者から地球を守る究極の挑戦です。このゲームは、エキサイティングなシューティングアクションと戦略的な要素が融合し、プレイヤーを魅了します。このゲームでは、プレイヤーは最新の宇宙戦闘機のパイロットとなり、侵略者の攻撃から地球を守る使命を担います。スリリングなドッグファイト、迫り来る敵艦隊との戦い、そして最後の瞬間の救援作戦など、さまざまなミッションがプレイヤーを待ち受けます。「Invader Fighter」は、圧倒的なグラフィックと臨場感あふれるサウンドで、プレイヤーを宇宙の戦場へと引き込みます。迫力のある爆発と緊迫感溢れる戦闘シーンが、プレイヤーの心を躍らせます。さらに、このゲームには多彩な武器やアップグレード、カスタマイズオプションが用意されており、プレイヤーの戦術的なセンスを試すことができます。「Invader Fighter」に挑戦して、地球を守る最後の希望となりましょう。無限の宇宙での戦いが、あなたを待っています！', 3400);
INSERT INTO items(category_id, name, detail, price) VALUES(3, 'Play the BascketBall', '「Play the Basketball」は、バスケットボールの魅力を手軽に楽しむことができるゲームです。このゲームは、リアルなプレイ感とエキサイティングなアクションが特徴で、バスケットボールファンにとって理想的なエンターテインメント体験を提供します。このゲームでは、プレイヤーは自分のチームを率いて、コート上でのスリリングな対戦を楽しむことができます。スムーズな操作と直感的なコントロールで、ダンクやスリーポイントシュートを決め、相手チームに勝利をもたらしましょう。「Play the Basketball」は、リアルなグラフィックと臨場感あふれるサウンドで、プレイヤーをバスケットボールの世界に引き込みます。コート上での熱戦が繰り広げられる様子は、まるで本物の試合にいるかのような感覚を味わえます。さらに、このゲームにはさまざまなモードやチャレンジが用意されており、プレイヤーのバスケットボールスキルを試すことができます。シングルプレイヤーキャリアモードやマルチプレイヤーオンライン対戦モードなど、さまざまな選択肢があります。「Play the Basketball」でバスケットボールの興奮を体験し、コート上での勝利を目指しましょう。仲間と一緒にプレイして、バスケットボールの魅力に浸りましょう！', 2200);
--商品画像テーブルデータ
INSERT INTO item_images(item_id, image) VALUES(1,'/images/item1-1.png');
INSERT INTO item_images(item_id, image) VALUES(1,'/images/item1-2.png');
INSERT INTO item_images(item_id, image) VALUES(1,'/images/item1-3.png');
INSERT INTO item_images(item_id, image) VALUES(2,'/images/item2-1.png');
INSERT INTO item_images(item_id, image) VALUES(2,'/images/item2-2.png');
INSERT INTO item_images(item_id, image) VALUES(2,'/images/item2-3.png');
INSERT INTO item_images(item_id, image) VALUES(3,'/images/item3-1.png');
INSERT INTO item_images(item_id, image) VALUES(3,'/images/item3-2.png');
INSERT INTO item_images(item_id, image) VALUES(3,'/images/item3-3.png');
INSERT INTO item_images(item_id, image) VALUES(4,'/images/item4-1.png');
INSERT INTO item_images(item_id, image) VALUES(4,'/images/item4-2.png');
INSERT INTO item_images(item_id, image) VALUES(4,'/images/item4-3.png');
INSERT INTO item_images(item_id, image) VALUES(5,'/images/item5-1.png');
INSERT INTO item_images(item_id, image) VALUES(5,'/images/item5-2.png');
INSERT INTO item_images(item_id, image) VALUES(5,'/images/item5-3.png');
INSERT INTO item_images(item_id, image) VALUES(6,'/images/item6-1.png');
INSERT INTO item_images(item_id, image) VALUES(6,'/images/item6-2.png');
INSERT INTO item_images(item_id, image) VALUES(6,'/images/item6-3.png');
INSERT INTO item_images(item_id, image) VALUES(7,'/images/item7-1.png');
INSERT INTO item_images(item_id, image) VALUES(7,'/images/item7-2.png');
INSERT INTO item_images(item_id, image) VALUES(7,'/images/item7-3.png');
INSERT INTO item_images(item_id, image) VALUES(8,'/images/item8-1.png');
INSERT INTO item_images(item_id, image) VALUES(8,'/images/item8-2.png');
INSERT INTO item_images(item_id, image) VALUES(8,'/images/item8-3.png');
INSERT INTO item_images(item_id, image) VALUES(9,'/images/item9-1.png');
INSERT INTO item_images(item_id, image) VALUES(9,'/images/item9-2.png');
INSERT INTO item_images(item_id, image) VALUES(9,'/images/item9-3.png');


--顧客テーブルデータ
INSERT INTO customers(name, address, tel, email, password) VALUES('田中太郎', '東京都', '090-1111-1111', 'tanaka@aaa.com', 'himitu'); 
INSERT INTO customers(name, address, tel, email, password) VALUES('鈴木一郎', '大阪府', '090-1111-2222', 'suzuki@aaa.com', 'himitu'); 

--タイムセールテーブルデータ
INSERT INTO timesale (item_id, start_time, end_time, discount_price_ratio) VALUES(1, '2024-05-22 10:00:00', '2024-05-28 12:00:00', 0.90);
INSERT INTO timesale (item_id, start_time, end_time, discount_price_ratio) VALUES(2, '2024-05-21 10:00:00', '2024-05-28 12:00:00', 0.90);
INSERT INTO timesale (item_id, start_time, end_time, discount_price_ratio) VALUES(3, '2024-05-21 10:00:00', '2024-05-28 12:00:00', 0.90);
INSERT INTO timesale (item_id, start_time, end_time, discount_price_ratio) VALUES(4, '2024-05-21 10:00:00', '2024-05-28 12:00:00', 0.90);
INSERT INTO timesale (item_id, start_time, end_time, discount_price_ratio) VALUES(5, '2024-05-21 10:00:00', '2024-05-28 12:00:00', 0.90);
INSERT INTO timesale (item_id, start_time, end_time, discount_price_ratio) VALUES(6, '2024-05-21 10:00:00', '2024-05-28 12:00:00', 0.90);
INSERT INTO timesale (item_id, start_time, end_time, discount_price_ratio) VALUES(7, '2024-05-21 10:00:00', '2024-05-28 12:00:00', 0.90);
INSERT INTO timesale (item_id, start_time, end_time, discount_price_ratio) VALUES(8, '2024-05-21 10:00:00', '2024-05-28 12:00:00', 0.90);
INSERT INTO timesale (item_id, start_time, end_time, discount_price_ratio) VALUES(9, '2024-05-21 10:00:00', '2024-05-28 12:00:00', 0.90);